"model","val_year","mae"
"fit_nb","2013-2018",0.623542193726663
"fit_nb_yr","2013-2018",0.623741232802527
"fit_nb_yr_rs","2013-2018",0.623668363876471
"fit_nb_yr_rs2","2013-2018",0.623668363876471
