"val_year","model","mae","n"
2013,"fit_nb",0.754269285431701,256
2013,"fit_nb_yr",0.753569813428484,256
2014,"fit_nb",0.645630885874244,256
2014,"fit_nb_yr",0.645393804018917,256
2015,"fit_nb",0.557696213240008,256
2015,"fit_nb_yr",0.557626994938389,256
2016,"fit_nb",0.617663779193857,256
2016,"fit_nb_yr",0.617999440281616,256
2017,"fit_nb",0.554427768775318,256
2017,"fit_nb_yr",0.555316052689486,256
2018,"fit_nb",0.605629087400584,256
2018,"fit_nb_yr",0.606588337833581,256
