"model","val_year","mae"
"fit_nb","2013-2018",0.622552836652619
"fit_nb_yr","2013-2018",0.622749073865079
