"model","wf_mae"
"nb",0.622552568170887
"nb_q",0.691185291085126
