,Model,Horizon,MSE_LLM,R2_LLM,MSE_ML,R2_ML
0,qwen2.5-7b,240,0.00031018196849408753,0.9780264502876563,0.0065642698973962365,0.5349816379851016
1,qwen2.5-7b,1440,0.0008578520261920888,0.9337719700688394,0.00436469212563226,0.6630363373741714
2,qwen2.5-7b-instruct,240,0.000642460730571847,0.9544875452625861,0.0065642698973962365,0.5349816379851016
3,qwen2.5-7b-instruct,1440,0.011185219658847587,0.13647687510748951,0.00436469212563226,0.6630363373741714
4,qwen2.5-coder-7b-instruct,240,0.00024640885019407507,0.9825441912513875,0.0065642698973962365,0.5349816379851016
5,qwen2.5-coder-7b-instruct,1440,0.002639388975264275,0.7962334683410347,0.00436469212563226,0.6630363373741714
